# rel	size	mtime_iso	sha256
pyside_ui/__init__.py	0	2026-02-04T08:07:25	e3b0c44298fc1c149afbf4c8996fb92427ae41e4649b934ca495991b7852b855
pyside_ui/app.py	1351	2026-02-04T09:58:03	0db318afec2eab90335760825341882e32677c5019d5b3bf95e070fd50893373
pyside_ui/assets/ico.png	925010	2026-02-04T09:33:35	f32c6ec1655e4c2b746ad83dbe33dfb034e272712ae9e438462270cc9d7ab77e
pyside_ui/controllers/contadores_controller.py	12223	2026-02-11T16:35:34	bbec56064ba2f770d2de2dec65b53b217d2edd84325b810cbb08aa45b519d630
pyside_ui/controllers/ftp_controller.py	5270	2026-02-11T09:09:05	b662990c09c3cd8f330cd221b3a3e84e886581db505ad76d8c8b429ecb0d42ea
pyside_ui/core/Autoestim.py	9453	2026-01-14T16:04:02	5dea1109f66fa18e2dec9060521157a6b0003a915696f993d0dccd3fa0e1166a
pyside_ui/core/Clientes_suma.py	9719	2026-02-11T13:10:46	c5aff515e5576df18c6d2e5eaebc2b0c1d98fe0185aec6f6d023fe044649a232
pyside_ui/core/CsvEn0.py	6379	2026-02-03T13:51:57	249a880f2e2eb075e15f951cd9ed15a7d4ad5012e03b4feb85e957a4e8677a4d
pyside_ui/core/Db3ToCsv.py	8121	2025-10-08T10:37:42	b063d36054aaffaa7c6fec91861155285ad12257a180f642f5c9e54fcf40632d
pyside_ui/core/Estimador_manual.py	9767	2026-02-12T15:01:21	143d56bb8b652bf3ae1a599134a4def20c5d66a53b0abbe0e8cf275c1f6dbc1e
pyside_ui/core/Extraer_ips.py	9524	2025-09-19T16:57:13	25dd509eb8e30d912327714ee2bc5f181a9937a720a50582a3575aa1370e560d
pyside_ui/core/ftp_db3.py	14218	2026-02-06T10:36:19	25ad1c98091e5260842cc7a133b0c00727c0ce3f1f55480df848a4010915ed63
pyside_ui/core/ftp_nas_config.py	1713	2026-01-26T09:00:55	833c686329eb8b8581a84d2cc11e47f8a90964dae23673c3101b642de784396e
pyside_ui/core/ip_ranges_txt.py	2442	2025-09-22T16:31:21	5cc98070c5bec17dcd5cfc338af269ba7301fb85aa607ab59903a0467027f50c
pyside_ui/core/links_tab.py	5718	2025-09-23T15:16:29	a8afaa6c119513951c67d8bfaaf54d3c7949461816346d2692afc759c30c89a0
pyside_ui/main_window.py	12122	2026-02-10T16:52:33	4e0b5b77a0c4cd67c44d9b48108df64144c8ad3b9bc3ef550961de0d9e1d0afe
pyside_ui/platform/__init__.py	0	2026-02-04T11:36:00	e3b0c44298fc1c149afbf4c8996fb92427ae41e4649b934ca495991b7852b855
pyside_ui/platform/win_titlebar.py	3549	2026-02-10T15:29:07	62b6991d545ea01ea212cc57cbd2fa4ead6a046c3463a6879b33e71586473f00
pyside_ui/services/ftp_service.py	6403	2026-02-11T08:47:07	35f08dbd83b9e496f1118b769b78d11a8fb00d691cb283f2cad803c4b265deef
pyside_ui/services/status_bus.py	668	2026-02-06T14:02:22	eb2459075fa8760eb2300dd2b6b69fc624012a4d35b74064d651c3c53fe48488
pyside_ui/tabs/__init__.py	0	2026-02-04T11:35:43	e3b0c44298fc1c149afbf4c8996fb92427ae41e4649b934ca495991b7852b855
pyside_ui/tabs/contadores_tab.py	4466	2026-02-11T14:06:00	64710435f83edab35df36478a7c81e92081aa48c0e93f3ae05d804a465005e5f
pyside_ui/tabs/links_tab.py	7510	2026-02-04T11:56:17	73089324a2372374f5b181dbde9af63fb9ddc03174030143f00a8e17b50a1e40
pyside_ui/tabs/stc_tab.py	1232	2026-02-04T11:56:15	ce09a089b23b35552f047b3861192704eaacacb5f77ffafade8558d782a21b8e
pyside_ui/theme/__init__.py	24	2026-02-04T11:40:27	db000fcda573b4798bc6aaca7f86b0c0565652641618e3e97272fb362f97a463
pyside_ui/theme/theme.py	1345	2026-02-04T07:59:21	ebf6884de71d6d7acbd1809eeee3cc944f1de87d32967e5315da9e567f31ceb5
pyside_ui/ui/__init__.py	0	2026-02-04T11:35:56	e3b0c44298fc1c149afbf4c8996fb92427ae41e4649b934ca495991b7852b855
pyside_ui/ui/csven0_params_dialog.py	8089	2026-02-11T11:32:57	1f374f174e9fa727cf71203e9db03109452df1249a97ceaff1adfac4e5aae771
pyside_ui/ui/db3_csv_params_dialog.py	4935	2026-02-11T10:02:02	687022b1fe4e996b9c4fb18279d466d41e85211aecd7e1c92882cdec38a54780
pyside_ui/ui/dialog_kit.py	9114	2026-02-10T12:12:43	8e388992bf6e0e228aca93549e1f9c1a38ac6d9eb1206644639d916f93a4d140
pyside_ui/ui/estimador_manual_dialog.py	10608	2026-02-12T13:53:21	cca6e3bd67f3d2b0dda4adee24fdb156800ace9d114150f1e2d673217b590cfd
pyside_ui/ui/ftp_client_picker.py	3142	2026-02-10T11:56:40	21c7edc9f3bd10dfb5a167be2755dcf194d0c591a6364de1f3cc9683c8912538
pyside_ui/ui/ftp_dialogs.py	6878	2026-02-10T10:07:59	202bf87724436f3c156a2fdc2223405ff73aecb6ce486e0380c7f8a44adc0dcc
pyside_ui/ui/menubar.py	1850	2026-02-11T09:13:24	7ee2e940498b938ddc1bb9d8b03ad3f7984303b65c5ac3837b3652105ab99c1e
pyside_ui/ui/suma_fija_params_dialog.py	8262	2026-02-11T13:18:06	f810fbe54c1d19f6207c92864ef7367e24dc76959fbd1fc668a230f74ab72319
pyside_ui/widgets/__init__.py	246	2026-02-04T09:18:50	7fbb58633c64d899f778aa91c308f6fe27e421c9cdc2e92f8ce96c6295bfb2f0
pyside_ui/widgets/card.py	2645	2026-02-06T16:01:09	9f1eb90d3ff803ba4ba5f1201dc884af1f7e1babba888f2d07a24ac22710be08
pyside_ui/widgets/controls.py	1047	2026-02-04T08:19:23	9f095a35a4bcda24e33908b13443e50bcc2852a72b19b3f07369227169adac83
pyside_ui/widgets/effects.py	399	2026-02-04T07:59:30	ab047891f9080e9467be48bc3c5752dc93e37e5505a1c83e59db35a9e5cd0f8d
pyside_ui/widgets/modern_checkbox.py	6572	2026-02-04T08:25:03	d8c7cb7babd20a8dcca098580daee945555f0ef853e2c86b8f3a68fcd43e0797
pyside_ui/widgets/segmented_tabs.py	3001	2026-02-04T07:59:46	431d8ce27623135cb24775ef28f50fdaae8c88f02a40dd16c87f85ae6f93ccb9
pyside_ui/widgets/theme_button.py	4335	2026-02-04T08:49:22	7bd21c165c34669d41fdf02ef2a065ce950ac11b0dc6d9e4fb4c88589af20d43
pyside_ui/widgets/toast.py	3945	2026-02-06T15:00:53	649b977b9b08507bc6233017f188cda1f1f00acfce68629b90a6e0d99871d792
